Filename,Formula,Density,DeltaH,Velocity,Pressure,Temperature,Volume,H50,H
confmin1m100,C4H6N8O3,1.6591340780000001,109.45923179708149,7031.674361587268,20.858861195196212,3908.4190085181053,732.2235911980749,-1.578743577540365,2861836.6023239465
confmin1m101,C4H3N7O5,1.718985472,98.90384536713417,7720.610967889021,25.710440146103586,5027.040992110081,659.9435067407643,1.093333333333336,3317563.0608626977
confmin1m103,C4H1N9O9,1.8330692899999999,116.66824083470215,8556.94452950429,32.83359633094493,5681.479432585577,649.3147535718892,0.6007032258064519,3689068.4176930613
confmin1m105,C4H7N9O3,1.6600327719999999,118.93542008609799,7080.533920255359,21.15699949678956,3687.1096419425253,781.9970319023372,-1.577137506079282,2883308.796297544
confmin1m107,C4H4N8O5,1.699083512,103.88082520040476,7652.114574532765,25.07433756656195,4831.671379825012,688.1715919817524,-1.322959343255718,3325018.985386849
confmin1m108,C4H3N9O7,1.784481746,116.69015016222127,8271.893669985291,30.194517728108096,5407.0562867210365,677.9128253912387,0.6320112903225805,3665512.8043805175
confmin1m109,C4H5N7O3,1.654815084,102.5212207833435,7007.828982875003,20.68341621604902,4053.7424105495334,703.0667772825065,-0.7877951652965578,2850051.6125184796
confmin1m11,C4H5N7O3,1.629011506,100.4965668665376,6928.880182673929,20.01825877291474,4043.574789660244,703.0667772825065,-1.550489038787191,2842903.0960672167
confmin1m111,C4H4N8O5,1.7139503100000002,107.95217161676146,7704.838014212719,25.559049510781747,4848.34867139891,688.1715919817524,0.5066838709677417,3336495.823679202
confmin1m112,C4H2N8O7,1.7823566380000002,109.75923735144364,8278.21234384189,30.218954951212837,5594.743193638231,653.7567225307622,0.9704048387096776,3657600.973674219
confmin1m113,C4H3N7O5,1.7113596679999998,96.1659839662011,7692.3708344834895,25.452525506690705,5015.091032590143,659.9435067407643,-1.5713467165223278,3309676.7626716997
confmin1m114,C4H2N8O7,1.797708274,108.32377696165307,8326.068741313888,30.7273642535133,5589.506352717455,653.7567225307622,0.6302032258064512,3654177.353717438
confmin1m117,C4H4N6O3,1.662214916,96.29198129272778,7010.961376740677,20.760526132104914,4226.6180754052875,669.1544147679774,-1.5638359309483576,2828260.14469558
confmin1m118,C4H3N7O5,1.731865454,102.00361192317848,7765.792235807373,26.13226380030713,5040.570561157426,659.9435067407643,0.26639999999999997,3326491.812104494
confmin1m121,C4H4N8O5,1.73418861,110.65543435836085,7772.06498512567,26.196078728059856,4859.42193717688,688.1715919817524,2.019378048780489,3344116.130618065
confmin1m122,C4H6N8O3,1.66435003,112.23090535146969,7052.604695847149,21.024945616133774,3921.3621513260077,732.2235911980749,0.15502222222222256,2871313.8768321383
confmin1m124,C4H2N8O7,1.78884074,115.48852346934974,8306.989477038242,30.496030595455217,5615.6447526101665,653.7567225307622,1.2486666666666653,3671265.5083634956
confmin1m125,C4H5N7O3,1.649071088,104.09988143868716,6994.638969547955,20.5601530778647,4061.670295371298,703.0667772825065,0.2519111111111112,2855625.4449507846
confmin1m126,C4H4N8O5,1.7480862160000001,119.05321713181449,7829.005475435925,26.711672358982266,4893.821434926435,688.1715919817524,0.1537333333333331,3367788.8877477488
confmin1m130,C4H1N9O9,1.840039848,110.6856161408006,8572.778413346292,33.02915072082262,5662.7313315542815,649.3147535718892,0.22808888888888906,3676894.9990919847
confmin1m131,C4H3N9O7,1.7818398519999998,113.7241091304697,8259.413861028137,30.076606290546916,5396.797525065667,677.9128253912387,0.638101612903226,3658558.258281711
confmin1m132,C4H5N9O5,1.727649884,122.89171173980827,7751.613128752006,25.997888837820085,4713.097056010072,713.128589278837,0.18342222222222235,3361044.2546867025
confmin1m133,C4H3N9O7,1.773785166,121.14289288320165,8243.104958471407,29.87607455895479,5422.457161421763,677.9128253912387,1.4524444444444442,3675953.2548623835
confmin1m134,C4H2N10O9,1.8231076980000003,127.28929742745039,8644.834970033433,33.40355244992949,5820.8466580501345,670.4172521344709,0.5692999999999999,3902396.0215860894
confmin1m135,C4N10O11,1.8856685359999998,121.73958524162255,8297.281917712313,31.386601643602035,4660.254968812649,645.9707028117303,0.5565483870967741,3010388.1774857654
confmin1m140,C4H4N10O7,1.7864048080000001,121.7266959558275,8259.252655281036,30.121834054383108,5231.672161797577,699.6838533746724,0.7257451612903227,3660516.5377595313
confmin1m141,C4H3N9O7,1.79180307,122.8687751559778,8303.793180186478,30.50288853471626,5428.42653766845,677.9128253912387,1.829990243902439,3679999.9715795983
confmin1m142,C4H1N9O9,1.8298430180000003,119.96547770475802,8550.218922534734,32.747859512847576,5691.812176678138,649.3147535718892,0.5977532258064515,3695777.6208772436
confmin1m143,C4H4N10O7,1.76565862,128.29968706392037,8200.652912117406,29.486981290054548,5253.284078205688,699.6838533746724,0.8886612903225805,3675638.0467107696
confmin1m145,C4H6N10O5,1.696207292,124.30612703584714,7633.768261035545,24.92789485599556,4543.326151460647,735.3519425036483,1.3035000000000008,3340943.7109042117
confmin1m147,C4H7N9O3,1.584784812,109.60001522944067,6842.178918114729,19.175592360002014,3646.371589528506,781.9970319023372,0.2160444444444444,2851451.760224299
confmin1m148,C4H8N10O3,1.6280983119999999,122.81949591032463,7007.738976704871,20.469148636696765,3476.288379760818,825.6491174728326,0.22964444444444443,2870194.4328305824
confmin1m149,C4H6N10O5,1.68803131,119.58750296735411,7601.236795438635,24.641353746014612,4526.11459677957,735.3519425036483,0.5529322580645162,3328287.1607359736
confmin1m15,C4H5N7O3,1.668954956,106.88574519379725,7058.215518826622,21.095192556065268,4075.660640227795,703.0667772825065,0.45434516129032276,2865461.591622113
confmin1m150,C4H5N9O5,1.703004552,119.59355275505123,7669.9144783728925,25.227316029890883,4700.369721068365,713.128589278837,2.365019512195124,3351968.028274444
confmin1m157,C4H7N9O3,1.6002596140000003,109.23380178170191,6886.403228879332,19.54762001650077,3644.773498941351,781.9970319023372,0.23071111111111117,2850202.058128433
confmin1m158,C4H5N9O5,1.718999438,117.28971234722478,7715.884547392666,25.679099830003175,4691.479382956054,713.128589278837,0.4851774193548386,3345628.0739981993
confmin1m159,C4H4N8O5,1.70965047,111.95226111798705,7697.986725678081,25.47390563048525,4864.734076154842,688.1715919817524,2.192373170731709,3347771.793755357
confmin1m160,C4H2N8O7,1.767835234,110.19017210919601,8231.678177127294,29.732731327804633,5596.315328118313,653.7567225307622,0.9183516129032258,3658628.7671592953
confmin1m161,C4H4N6O3,1.624069866,93.09682169332663,6893.87716631586,19.77789138150865,4209.26373139541,669.1544147679774,0.2103555555555555,2816647.4087859686
confmin1m19,C4H5N7O3,1.58948979,96.2331459265821,6805.657217430743,19.008184709121323,4022.164292068976,703.0667772825065,0.20657777777777764,2827850.086525709
confmin1m22,C4H5N7O3,1.6069748640000001,96.35635956093772,6856.370873403657,19.43017574897998,4022.7830593121685,703.0667772825065,0.22808888888888879,2828285.121217268
confmin1m25,C4H7N9O3,1.596279412,110.49555915554849,6877.430595391906,19.46518857168485,3650.2795845175847,781.9970319023372,0.22986666666666664,2854507.800706448
confmin1m32,C4H4N8O5,1.6975159020000001,107.69597246250618,7653.4309604020345,25.06853415846593,4847.299213170709,688.1715919817524,0.26586666666666664,3335773.6163395825
confmin1m34,C4H4N8O5,1.71884754,105.69845848415027,7716.355609357158,25.68083217167506,4839.116877492728,688.1715919817524,-1.5228383461204658,3330142.7653699373
confmin1m35,C4H4N10O7,1.7744750599999999,120.65999141647657,8219.320195900415,29.710901462634123,5228.16484998816,699.6838533746724,0.631440322580645,3658062.528317732
confmin1m37,C4H5N9O5,1.7114759880000001,115.25325722224972,7689.331281455639,25.433486981147638,4683.620863524729,713.128589278837,1.4794444444444448,3340023.9391223188
confmin1m38,C4H3N9O7,1.774652066,117.40214890247226,8240.991787314413,29.869585226916538,5409.518904499067,677.9128253912387,0.6794016129032255,3667182.244556281
confmin1m39,C4H6N10O5,1.7226510899999998,122.5553793540924,7712.933877857862,25.693127215183644,4536.940160752362,735.3519425036484,1.9478780487804892,3336247.7602320644
confmin1m4,C4H5N7O3,1.6125960220000002,100.12041304102031,6880.649566110011,19.612262469835855,4041.6857806487938,703.0667772825065,0.219822222222222,2841574.996589279
confmin1m40,C4H4N10O7,1.775757532,119.86238546048305,8222.432724277576,29.74639968236374,5225.542331112954,699.6838533746724,1.4165555555555551,3656227.59420558
confmin1m41,C4H7N9O3,1.658481184,116.62579937717605,7071.1709690789285,21.08858599648149,3677.0308664698723,781.9970319023372,0.19897777777777742,2875427.223792719
confmin1m44,C4H5N9O5,1.721069714,115.24776116512253,7719.05976885533,25.71936414775542,4683.599654674506,713.128589278837,1.9775243902439046,3340008.814484879
confmin1m45,C4H6N8O3,1.642674986,108.15673859695448,6981.295970110656,20.431145740986192,3902.3366343983694,732.2235911980749,0.4468274193548387,2857382.9445029832
confmin1m46,C4H5N9O5,1.711024704,114.11113321224468,7686.123200301383,25.40811291053943,4679.213497206888,713.128589278837,-0.9084524329163628,3336880.9201976415
confmin1m48,C4H4N8O5,1.71050095,107.43286807439277,7693.291221962679,25.45069175804352,4846.221469312482,688.1715919817524,1.4015555555555554,3335031.9436329184
confmin1m49,C4H6N10O5,1.696857934,118.24001774896388,7626.469001069687,24.88620069319698,4521.199537817123,735.3519425036483,1.5947777777777776,3324672.862580418
confmin1m52,C4H5N9O5,1.72925588,120.46592699550088,7752.744661976908,26.020367040693202,4703.736144337842,713.128589278837,0.9623161290322582,3354368.7209515213
confmin1m53,C4H8N10O3,1.6924610059999998,127.16720452550187,7205.077314253606,22.176105828315098,3494.0943412282604,825.6491174728326,0,2884895.9092019317
confmin1m57,C4H8N10O3,1.674710348,124.46697521774337,7147.456658333222,21.678987435197133,3483.035601265935,825.6491174728326,-1.5399199984472034,2875765.270311676
confmin1m58,C4H7N9O3,1.643300866,116.4491203599879,7026.587037046236,20.702128306188946,3676.2598705491614,781.9970319023372,2.7919268292682915,2874824.3072711146
confmin1m61,C4H5N9O5,1.7171455860000002,114.03446917464721,7704.969558071969,25.589414961954585,4678.917656742861,713.128589278837,0.9330064516129031,3336669.9479048783
confmin1m63,C4H6N8O3,1.643175326,107.32534751957418,6981.006784602601,20.433421652975486,3898.454209851398,732.2235911980749,3.260290697674419,2854540.141658644
confmin1m64,C4H4N8O5,1.73057739,109.18794200488436,7758.452456903382,26.07095234048873,4853.410707632996,688.1715919817524,1.2386666666666664,3339979.373213082
confmin1m65,C4H7N9O3,1.6503248140000002,114.6753258384964,7043.332146529426,20.85748750483703,3668.5193456016345,781.9970319023372,3.366441860465116,2868771.2397367824
confmin1m66,C4H5N9O5,1.730984562,115.44445587107387,7750.1062928595975,26.01865726178302,4684.358684004345,713.128589278837,1.5352222222222223,3340550.100000088
confmin1m69,C4H7N9O3,1.683565682,119.34032614826789,7149.981248287504,21.766315371875276,3688.876580242118,781.9970319023372,-1.5442757355159529,2884690.53680338
confmin1m71,C4H4N8O5,1.7048117539999998,106.7145260177505,7674.475282731668,25.273996833623894,4843.278953814344,688.1715919817524,1.062000000000001,3333006.9880581335
confmin1m72,C4H5N7O3,1.647401474,102.739722218562,6986.869237137747,20.501281122428843,4054.839704135675,703.0667772825065,2.6332317073170723,2850823.0831838213
confmin1m75,C4H5N9O5,1.7170093400000002,116.45216948124616,7708.38517758058,25.610850131730412,4688.247371208709,713.128589278837,0.99705,3343323.234020283
confmin1m76,C4H7N9O3,1.782918894,137.5477447633343,7479.339520665695,24.672627098115942,3768.3305284375865,781.9970319023372,0,2946823.2884651585
confmin1m77,C4H6N8O3,1.624962448,107.32042158205657,6928.292243483865,19.982906856902577,3898.431206741001,732.2235911980749,2.8041341463414646,2854523.2982385405
confmin1m78,C4H5N7O3,1.620439634,99.3122963775908,6901.574717546868,19.793568288474304,4037.6274950327356,703.0667772825065,2.581960975609756,2838721.7507999046
confmin1m79,C4H6N8O3,1.635016162,106.45399452089288,6955.579674590942,20.2204408438258,3894.385171388996,732.2235911980749,3.4411627906976747,2851560.695702981
confmin1m8,C4H6N8O3,1.656706996,112.89949864864842,7031.8539045919815,20.840579034422664,3924.4843438771795,732.2235911980749,-1.2566667829689777,2873600.0198743693
confmin1m80,C4H4N8O5,1.705356546,109.4699608694021,7680.63353617949,25.319604057953264,4854.56593009552,688.1715919817524,0.974782258064516,3340774.3644942106
confmin1m81,C4H3N7O5,1.7043245059999999,98.76127279800848,7674.882366669307,25.272185136003444,5026.418704791547,659.9435067407643,1.1066666666666678,3317152.3863875037
confmin1m82,C4H4N8O5,1.7242533,108.45001299355141,7737.619655795957,25.872696453384446,4850.387958884965,688.1715919817524,0.966122580645161,3337899.203394989
confmin1m84,C4H6N8O3,1.6193918,105.32550127344587,6908.038843901375,19.822405301784368,3889.1153410959096,732.2235911980749,3.819709302325582,2847702.001640773
confmin1m85,C4H5N7O3,1.6253877600000002,101.58929378050549,6920.756704757272,19.942814883094343,4049.0623610938237,703.0667772825065,3.6123488372093027,2846761.2252301313
confmin1m86,C4H4N8O5,1.71948469,115.03407524910361,7733.535166012709,25.801221437981503,4877.357986671201,688.1715919817524,3.2312325581395345,3356459.210352435
confmin1m87,C4H4N6O3,1.623264034,92.56672808299226,6890.377201071701,19.75151086068124,4206.384555384014,669.1544147679774,2.6684585365853652,2814720.7954470487
confmin1m88,C4H3N7O5,1.7194958159999998,104.53415853859923,7731.614723062835,25.788511918220692,5051.6156526318455,659.9435067407643,2.2122536585365857,3333780.948504395
confmin1m89,C4H4N8O5,1.7178768020000001,111.34186124012395,7722.5403869116035,25.713030714020892,4862.233719835642,688.1715919817524,2.864821951219512,3346051.1195666515
confmin1m9,C4H7N9O3,1.65130023,116.9693769491266,7050.9736568098,20.910622910753254,3678.53017810652,781.9970319023372,-0.6286251518737345,2876599.681042474
confmin1m90,C4H5N7O3,1.62683209,98.95504447326849,6919.267840173475,19.945610407395964,4035.8334096856183,703.0667772825065,3.3158372093023254,2837460.388996737
confmin1m92,C4H5N9O5,1.703064426,109.36520000810498,7653.947248542059,25.12293852914321,4660.899315938121,713.128589278837,-1.5786634575223388,3323820.5539456485
confmin1m94,C4H3N9O7,1.77083546,112.0521033241972,8221.581779054322,29.690335287823796,5391.014493452373,677.9128253912386,0.6462854838709676,3654637.866981415
confmin1m95,C4H5N9O5,1.70981027,112.29411037304604,7679.480161065859,25.353040882761736,4672.2017496295,713.128589278837,1.4525555555555554,3331880.6425393997
confmin1m97,C4H4N8O5,1.7122354880000001,111.27653719285988,7704.917934832735,25.54372770011542,4861.966135584242,688.1715919817524,0.9474709677419355,3345866.9756863764
confmin1m98,C4H2N8O7,1.7843465580000002,102.41415906659915,8274.730498117146,30.21385250445069,5567.946908068841,653.7567225307622,0.6507580645161286,3640082.721844377
confmin1m99,C4H4N8O5,1.720052744,105.59309692947748,7719.921206945154,25.715711210236524,4838.68528921989,688.1715919817524,1.509444444444444,3329845.7585811378
confminu1m1,C2H4N6O2,1.725513434,100.1513319283536,7536.93189808315,24.559065009154637,4060.944366039697,777.2803183740186,0.20786666666666634,3156492.129734513
confminu1m15,C2H5N7O2,1.5982584420000001,90.18530881274201,7123.587768510933,20.900349916557147,3608.7671305447575,844.7156249764312,0.7423032258064514,3048381.982072517
confminu1m17,C2H4N6O2,1.605648394,82.5551223544049,7120.246715843721,20.943340316092808,3938.8266198527626,777.2803183740186,1.4778888888888888,3061572.409099215
confminu1m19,C2H6N8O2,1.6241385660000003,99.32941499049592,7210.068641336043,21.634333143847048,3350.095751522773,900.5209237874443,0.7558161290322581,3016831.32093768
confminu1m2,C2H5N7O2,1.73963103,106.3744967066399,7601.624600133668,25.10797293163408,3710.517578184264,844.7156249764313,0.685587096774193,3134332.175041955
confminu1m21,C2H6N8O2,1.703389496,107.12744135119195,7473.584114035912,23.955703862255255,3394.8807387753723,900.5209237874443,0.6906306451612902,3057161.1390301995
confminu1m23,C2H4N6O2,1.640155966,88.62096630394598,7242.929944037067,21.96968531558354,3980.923594699908,777.2803183740186,-1.292367426265855,3094293.559110987
confminu1m24,C2H5N7O2,1.692459446,101.08206761472938,7441.926373428467,23.658024792161918,3677.254203101366,844.7156249764313,0.20568888888888884,3106234.082369979
confminu1m26,C2H3N7O4,1.770090246,93.50155790042683,8263.581240377072,29.9868058197263,5021.221768273119,740.3892712940715,0.8236661290322579,3717658.7260176637
confminu1m27,C2H1N7O6,1.82829807,89.45425223378514,8207.204974691282,30.15794930261486,4556.666964422756,690.182032772326,0.48888870967741926,3144929.6681718016
confminu1m28,C2N8O8,1.85504654,89.55515646009742,7629.182677062483,26.28356059393652,3321.4358822942395,678.6074309028432,0.0023839287912323925,2253951.0709922123
confminu1m29,C2H4N8O4,1.7372591960000001,99.77268058759059,8113.633918591905,28.58025613916993,4794.312742737984,768.234446339118,0.43141129032258063,3683156.195493893
confminu1m3,C2H3N7O4,1.779029038,98.43138988117255,8303.41377825934,30.368967512464977,5047.293159411436,740.3892712940715,0.7205112903225808,3736961.7043041848
confminu1m30,C2H2N8O6,1.789098748,96.9187167648649,8275.680780447137,30.26921247315822,4814.252419581949,717.6810290589049,0.5126790322580643,3455097.6306348955
confminu1m33,C2H2N6O4,1.736835668,79.18346460508043,8178.8259025701645,29.037032243179972,5241.047321208475,707.7405910139465,0.9299612903225806,3709301.9286441477
confminu1m35,C2H4N6O2,1.65488099,92.30332057585889,7298.862275287362,22.437610079876933,4006.47914417538,777.2803183740186,0.8755290322580644,3114157.384743505
confminu1m36,C2H2N6O4,1.77636534,87.91186724357748,8327.634943201592,30.51876417135702,5291.1889196597995,707.7405910139465,0.662938709677419,3744789.1731664715
confminu1m37,C2H3N7O4,1.7430896059999998,87.1803200218319,8162.072463266474,28.9819951054913,4987.791934182451,740.3892712940715,-1.538824594264156,3692907.6355157923
confminu1m38,C2H1N7O6,1.82616618,89.3464276276069,8200.247560105156,30.0860338568784,4556.174777869013,690.182032772326,0.2610666666666665,3144589.9698556364
confminu1m39,C2H3N7O4,1.718382886,89.01200979115238,8085.725919358481,28.193568360972723,4997.478816130258,740.3892712940715,0.41770806451612896,3700079.6989822406
confminu1m40,C2H2N8O6,1.8415644660000001,101.99917000463425,8454.89898625815,32.14275349872034,4835.95566339556,717.6810290589049,0.47194999999999987,3470673.6369889644
confminu1m43,C2H3N5O2,1.6897277000000002,88.24697655158113,7430.837061571347,23.563757129523996,4264.400933622125,737.5412852679538,-1.0677704580032525,3145171.745481524
confminu1m44,C2H4N6O2,1.715591466,95.82764022122095,7493.050531611533,24.187580575193465,4030.937932877871,777.2803183740186,0.2676000000000002,3133168.71981322
confminu1m5,C2H5N7O2,1.675174678,102.1568699793932,7393.064283785721,23.198541394643716,3684.00942902408,844.7156249764313,0.8550693548387097,3111940.3272571415
confminu1m9,C2H4N6O2,1.665579162,91.7760715652793,7329.399423639934,22.718267506776474,4002.82003449152,777.2803183740186,1.5478888888888893,3111313.2308034687
confminu2m1,C4H7N7O4,1.657053944,107.28661604840927,7497.260732451214,23.69370625158359,4856.142870368563,747.894658116352,1.879865853658536,3631883.311798457
confminu2m100,C4H7N7O4,1.7139586679999999,122.17184677635349,7700.03390484508,25.527263487973375,4924.6932687888275,747.894658116352,3.9509651162790695,3683151.7885887204
confminu2m101,C4H5N7O6,1.784554926,121.6595764811061,8338.037745218162,30.68009172300145,5733.934551547995,702.4762287061894,1.27605,4027952.7194195515
confminu2m103,C4H4N6O6,1.760389662,108.60596371119546,8268.513493099752,29.922631096832983,5950.347054595357,675.5383928976099,1.537219999999994,4019687.886444374
confminu2m104,C4H5N5O4,1.681532956,97.49484200918471,7592.730014042123,24.526851151502196,5339.376124374776,688.3518889059909,4.836546511627907,3675369.640792926
confminu2m106,C4H4N8O8,1.855102526,126.1030913600701,8837.873439924624,35.27210755077376,6135.790116684422,690.1194070888407,3.428313953488371,4234427.837347822
confminu2m108,C4H5N7O6,1.7882960780000001,116.79125376097544,8343.07111114573,30.755892703463918,5714.234776013141,702.4762287061894,3.830779069767442,4014114.095395468
confminu2m110,C4H6N6O4,1.6865425600000001,105.88607583149951,7607.783896692897,24.6701840761833,5097.104270668023,720.3347736070924,4.627209302325582,3671621.450863394
confminu2m112,C4H7N7O4,1.69241496,115.2404504240226,7620.830329487758,24.808767861400092,4892.772367444044,747.894658116352,3.7894651162790693,3659278.3169906978
confminu2m113,C4H5N7O6,1.75404527,119.64378395558307,8235.493077630132,29.618924343408757,5725.777602520472,702.4762287061894,4.8679767441860475,4022222.656628948
confminu2m114,C4H6N8O6,1.882970644,137.11207064178046,8648.927856851711,34.075061206478054,5551.464133415668,726.3282231463405,3.5676744186046516,4032185.079884441
confminu2m116,C4H8N8O4,1.817743908,136.02038046880386,8019.860322564856,28.698067353577393,4764.085205551007,771.8897066095469,5.16311589489942,3677348.33157565
confminu2m12,C4H8N8O4,1.6791203920000002,122.11245514106675,7566.140287535574,24.333413515315613,4704.177925682937,771.8897066095471,3.5279418604651163,3631106.5188945103
confminu2m122,C4H5N7O6,1.8172964200000001,120.13574740366488,8442.666479291796,31.799091585615926,5727.76834349138,702.4762287061894,4.2551860465116285,4023621.104838522
confminu2m123,C4H7N7O4,1.733924388,115.86635676423433,7750.477437885524,26.048317927496143,4895.654830590197,747.894658116352,6.369196383213875,3661434.095779923
confminu2m124,C4H7N7O4,1.7896515259999999,128.88592827048885,7947.172729478552,27.91898575852601,4955.6133781147155,747.894658116352,4.6491511627907,3706276.7731819255
confminu2m126,C4H6N6O4,1.774514424,119.61515475307249,7906.436047002115,27.492319461744405,5165.026888088664,720.3347736070924,4.468476744186046,3720548.474105893
confminu2m127,C4H5N7O6,1.8668240660000002,129.13425677016045,8617.971762148627,33.66247439200951,5764.181010617007,702.4762287061894,3.136521951219513,4049200.1379180667
confminu2m128,C4H3N7O8,1.865094814,122.88602935042218,8900.08963250244,35.883078232900374,6374.331959259789,666.8862675992294,2.959341463414634,4250954.448749244
confminu2m129,C4H7N7O4,1.7929210780000002,126.92555846671831,7953.700447983859,27.99555479433973,4946.585360104405,747.894658116352,4.516906976744187,3699524.766738636
confminu2m130,C4H5N7O6,1.78835824,118.48768182653784,8345.778504519709,30.77650051695921,5721.09940969168,702.4762287061894,5.201438822635282,4018936.3373734183
confminu2m131,C4H6N6O4,1.8079017780000002,120.26398757574987,8011.454464515154,28.54544978687066,5168.236893933661,720.3347736070924,6.913685726094172,3722860.7529395265
confminu2m132,C4H5N7O6,1.819134854,121.45213902125639,8450.630923969113,31.878275063551442,5733.095151279877,702.4762287061894,4.957534840608787,4027363.060684829
confminu2m133,C4H7N7O4,1.7700742520000001,120.224285713927,7870.453152225075,27.20136538223223,4915.72423839775,747.894658116352,6.662117485363524,3676443.89867075
confminu2m134,C4H6N6O4,1.791645406,119.75734522667153,7959.9533540978855,28.027606261075366,5165.730354737395,720.3347736070924,5.479385974505931,3721055.2055950467
confminu2m135,C4H4N6O6,1.8181303739999999,114.88071659975218,8466.838605253004,31.99016683697626,5977.380450909245,675.5383928976099,6.372611492654869,4037949.9835448223
confminu2m136,C4H6N6O4,1.7876964480000002,121.72685972811084,7951.424025428101,27.930496180532593,5175.474240743869,720.3347736070924,4.158523255813954,3728074.065515573
confminu2m138,C4H7N5O2,1.6994586880000002,116.79895866703094,7188.537662359322,22.13132444532273,3823.524726783035,855.3390082700595,6.282260467472042,3270409.8479026514
confminu2m14,C4H9N7O2,1.7066232259999998,127.29175970847105,7251.815989158375,22.58170843437261,3266.1144055909767,957.4697494058029,7.2288483489746795,3127205.7414518753
confminu2m140,C4H3N7O8,1.7977318359999999,113.2209120089322,8660.61552929482,33.24652469954072,6339.453527870255,666.8862675992294,1.2656999999999996,4227694.501820162
confminu2m142,C4H4N6O6,1.8243342400000002,119.07802929464792,8493.551742804539,32.25753794164866,5995.463651881408,675.5383928976099,1.1474999999999995,4050165.880068002
confminu2m144,C4H4N4O4,1.6743997339999999,94.08465603820453,7570.681224053308,24.319527801971184,5652.864545879184,650.7883603712655,2.7744878048780497,3678818.449213573
confminu2m145,C4H3N5O6,1.78048713,103.17078914268532,8349.241822602033,30.720302865097576,6231.786624674852,644.8744549198669,0.850501612903226,4018720.0027641123
confminu2m146,C4H5N5O4,1.63391739,94.89114027223653,7440.3563239925725,23.127280462208446,5325.461038706431,688.3518889059909,1.0118999999999996,3665791.1652888325
confminu2m150,C4H4N6O6,1.7512253839999998,102.93982846557276,8230.095720774778,29.551094304529283,5925.935753882249,675.5383928976099,4.147651162790699,4003197.1155921007
confminu2m152,C4H5N5O4,1.6606344240000002,97.91930560921057,7528.783565903626,23.92606833128301,5341.644605158745,688.3518889059909,0.9680999999999991,3676931.153825518
confminu2m153,C4H3N5O6,1.78397245,103.34619108021246,8360.92573775284,30.84269030018056,6232.594569178081,644.8744549198669,1.0362000000000005,4019241.0255352375
confminu2m155,C4H6N6O4,1.6402007340000002,99.70246092114138,7452.995474131528,23.2629373526196,5066.511736949475,720.3347736070924,1.2126000000000006,3649584.5850131763
confminu2m156,C4H4N6O6,1.775816982,110.83637208444141,8322.296963144916,30.473964522620697,5959.956279781855,675.5383928976099,1.0741500000000004,4026179.2869838527
confminu2m158,C4H7N7O4,1.763179816,124.19161808942562,7856.367344601699,27.039990561354585,4933.994846356517,747.894658116352,5.612905681974098,3690108.3887636503
confminu2m159,C4H8N6O2,1.5995453999999998,112.80607837104091,6902.142894657426,19.63138704517504,3466.8392957988226,910.8583375952368,4.583720930232559,3157799.4776811567
confminu2m160,C4H6N6O4,1.75613361,116.06269519922066,7842.619201916352,26.87987635864195,5147.4516120954995,720.3347736070924,6.306000938255238,3707888.3916522744
confminu2m161,C4H6N6O4,1.7872042359999998,120.89644718510033,7948.31521860543,27.904036063340317,5171.36589569156,720.3347736070924,6.465152367200062,3725114.6817124183
confminu2m162,C4H4N6O6,1.7550721299999998,109.3676042349794,8252.26949686249,29.750331782375255,5953.62841570931,675.5383928976099,2.41629024390244,4021904.5718578105
confminu2m164,C4H6N6O4,1.677429606,106.74997661630223,7581.141116358486,24.414531424454125,5101.378293916833,720.3347736070924,4.153186046511629,3674700.1784327175
confminu2m166,C4H6N6O4,1.757600572,116.75231864239477,7848.474895081837,26.933724195514884,5150.863423591566,720.3347736070924,4.925275243429496,3710346.0381138837
confminu2m167,C4H5N5O4,1.768078432,110.42514461255978,7886.169174809998,27.29143953818229,5408.48014880673,688.3518889059909,6.778769654035841,3722937.526541667
confminu2m168,C4H5N5O4,1.7951148760000002,115.22809934875484,7979.640566469432,28.1991505578474,5434.148805729652,688.3518889059909,6.20516853148456,3740606.5950202406
confminu2m169,C4H3N5O6,1.7763781339999998,101.92405203063532,8333.86552483225,30.564581440029116,6226.043846625468,644.8744549198669,4.028848837209304,4015016.6318997904
confminu2m17,C4H8N6O2,1.617664716,114.51526834617125,6959.913243996974,20.1073979476406,3476.7680583075216,910.8583375952368,4.807093023255814,3166843.1737942086
confminu2m170,C4H4N4O4,1.712817238,98.365716133779,7698.149345868216,25.504238519283977,5677.740118375515,650.7883603712655,4.921893311437088,3695007.182251756
confminu2m171,C4H5N5O4,1.69849892,103.41721663348481,7656.597408296859,25.098340281728657,5371.02734966211,688.3518889059909,2.3186317073170732,3697156.821505652
confminu2m173,C4H4N4O4,1.716751118,99.72634346998959,7713.033102407004,25.639358171341474,5685.646193783656,650.7883603712655,3.204151162790698,3700152.364103592
confminu2m174,C4H5N3O2,1.63149117,101.90409194623916,6790.48179946459,19.245310078187092,4609.690950572731,704.9489620098598,5.0614426984948295,3249596.8507924904
confminu2m178,C4H2N8O10,1.8891625600000002,126.98769655736595,8913.53812330253,36.26088811717591,6037.017702201993,660.6515091851049,2.5578951219512187,3988364.855936941
confminu2m179,C4H6N8O6,1.790647704,124.08181641066626,8329.109793016974,30.677274956466164,5501.756982488854,726.3282231463405,3.7600116279069766,3996081.3732741014
confminu2m18,C4H9N7O2,1.643656488,120.73765127874445,7048.364915716563,20.83352795332538,3231.095651995012,957.4697494058028,5.822033683186419,3093676.344221843
confminu2m180,C4H4N8O8,1.903935184,134.829558083287,9013.262607937215,37.24384645429249,6165.66265699217,690.1194070888407,2.3569975609756098,4255043.457153243
confminu2m181,C4H6N8O6,1.7779278139999999,123.38618735263222,8286.72339133509,30.23569566285,5499.1033321483865,726.3282231463405,3.7331279069767445,3994153.952137458
confminu2m182,C4H8N8O4,1.644709196,115.74012048834891,7448.89370477839,23.27806446142765,4676.729602050365,771.8897066095471,1.1601000000000006,3609919.440418841
confminu2m183,C4H6N8O6,1.7654748079999998,124.7379892308497,8248.142312543354,29.827599374581794,5504.260117180506,726.3282231463405,0.8731500000000006,3997899.4706469853
confminu2m184,C4H7N7O4,1.78084876,127.86298138631618,7917.950927252086,27.631867601376037,4950.902438945922,747.8946581163519,4.035767441860465,3702753.4869428733
confminu2m186,C4H5N7O6,1.804969818,118.53072391446142,8400.048388573929,31.35138239004149,5721.273580452204,702.4762287061894,3.6815348837209316,4019058.688192422
confminu2m188,C4H3N7O8,1.8483559560000002,121.72292657470355,8842.081118198766,35.230276716706264,6370.134679606728,666.8862675992294,3.598906976744186,4248155.340587344
confminu2m190,C4H3N5O6,1.807011436,107.43696218084942,8442.74030041807,31.6922653028898,6251.437667899324,644.8744549198669,1.5654444444444444,4031392.4585521007
confminu2m191,C4H7N5O2,1.5713308860000001,101.50815784750816,6771.65919490933,18.67769628438192,3726.212088440039,855.3390082700595,0.9504209677419353,3187174.5523302103
confminu2m192,C4H4N6O6,1.7705043340000002,108.53118115782421,8301.462718895838,30.266652461896683,5950.0248703693715,675.5383928976099,1.1560000000000024,4019470.238630135
confminu2m193,C4H2N6O8,1.840191986,110.96118915550593,8829.499351666916,35.03866401420387,6606.980732728788,640.9912043797401,0.8783838709677415,4235016.537185564
confminu2m194,C4H5N7O6,1.750304976,111.89262002582774,8212.000670754594,29.411851196640118,5694.412346285785,702.4762287061894,1.429666666666667,4000189.309716802
confminu2m195,C4H3N7O8,1.8740224460000001,121.40279798534911,8928.376434000062,36.21220952058645,6368.979434135295,666.8862675992294,2.7403073170731704,4247384.923246739
confminu2m2,C4H6N6O4,1.662504472,104.45338805288354,7530.695559123999,23.955279912376323,5090.01625664858,720.3347736070924,1.1286000000000005,3666515.707889375
confminu2m20,C4H8N6O2,1.7202400899999999,125.25554162569468,7291.360187520445,22.941359031172208,3539.158795570528,910.8583375952368,6.980194789962297,3223672.2970189317
confminu2m200,C4H4N6O6,1.770431192,109.29423485991236,8302.370034726591,30.272511270311963,5953.312319852035,675.5383928976099,1.2831799999999995,4021691.036970386
confminu2m201,C4H8N6O2,1.6617442880000002,120.15843051499422,7105.094155992134,21.317931373639187,3509.549444687962,910.8583375952369,2.763326829268292,3196702.372896764
confminu2m202,C4H5N7O6,1.7765640939999998,119.0456419931309,8308.112005069712,30.377892142273144,5723.357207843356,702.4762287061894,1.5415555555555551,4020522.3869041875
confminu2m204,C4H5N5O4,1.652732646,94.31507740381429,7497.526015297942,23.6561474199266,5322.38235882129,688.3518889059909,0.6685532258064515,3663671.9501745584
confminu2m206,C4H6N6O4,1.6440489299999999,97.48966565509151,7460.863217837621,23.34695873319552,5055.564254809946,720.3347736070924,0.5923290322580648,3641698.732944631
confminu2m207,C4H4N6O6,1.8113275180000001,110.54551651446057,8437.972706159977,31.701576347411613,5958.703192364224,675.5383928976099,3.455593023255814,4025332.778323586
confminu2m208,C4H7N5O2,1.634798736,112.27098814455418,6987.0283026465695,20.40196534233192,3794.708135482012,855.3390082700595,1.4781111111111112,3245761.8932775105
confminu2m209,C4H5N5O4,1.62934449,91.74154830441105,7420.323148005055,22.96163303391052,5308.628526199068,688.3518889059909,1.9091634146341478,3654204.473509355
confminu2m211,C4H6N6O4,1.684287536,104.75297919170899,7598.707302697452,24.59072300914608,5091.498440152754,720.3347736070924,4.194302325581396,3667583.376208298
confminu2m212,C4H5N5O4,1.781692826,114.07774281586589,7935.6282290059535,27.763319391259355,5428.0009011992925,688.3518889059909,3.9891162790697683,3736374.673323954
confminu2m22,C4H7N5O2,1.6763400579999999,117.21939815389705,7122.46443429234,21.540825156585594,3826.200458173001,855.3390082700595,5.857153144974745,3272698.505336142
confminu2m26,C4H7N5O2,1.664270296,116.97837904994041,7086.602127654643,21.22749485182347,3824.666581355565,855.3390082700595,2.6642731707317067,3271386.5206603077
confminu2m28,C4H6N4O2,1.667003578,111.67939882140477,7027.606594936052,20.897186803649102,4191.458475752055,788.0883818603448,2.444890243902438,3303239.7277902644
confminu2m29,C4H7N7O4,1.7908257200000002,130.43766168385363,7953.684227744458,27.975782344132703,4962.759518182837,747.894658116352,7.226061071773984,3711621.3331650253
confminu2m30,C4H8N6O2,1.604818942,111.68501536380288,6914.258097338625,19.742477033478202,3460.3269896666116,910.8583375952369,1.076,3151867.68934366
confminu2m31,C4H6N6O4,1.783321968,122.64540135135145,7939.562339906325,27.806171626515646,5180.018591578814,720.3347736070924,3.920325581395349,3731347.5194454547
confminu2m34,C4H4N6O6,1.7726929219999998,112.47149625929636,8314.536397346554,30.38477903136459,5967.0008535884,675.5383928976099,0.812912903225806,4030938.1670517744
confminu2m36,C4H5N5O4,1.745220146,112.53192789475125,7819.187922659402,26.617999581601676,5419.739529802762,688.3518889059909,1.2789000000000004,3730687.9427181985
confminu2m38,C4H8N6O2,1.661937808,118.78018699795594,7101.603784857991,21.29856118225012,3501.5431652462726,910.8583375952369,5.912801399411364,3189409.7865141835
confminu2m39,C4H8N6O2,1.708477054,123.49314850943328,7251.653905734371,22.59593178210065,3528.920973588808,910.8583375952369,7.23260032767439,3214347.0915080667
confminu2m4,C4H9N7O2,1.5652982539999998,110.22456041649515,6789.636234442413,18.7295206079896,3174.923963292502,957.4697494058028,0.8518338709677413,3039893.6515161498
confminu2m40,C4H6N6O4,1.683187688,112.12983901915999,7608.875376093576,24.64647887868607,5127.99437922397,720.3347736070924,2.6245121951219494,3693872.670216741
confminu2m42,C4H7N5O2,1.6098196580000002,109.54547305674456,6906.51454935452,19.737994372510304,3777.3626041936996,855.3390082700595,3.945034883720931,3230925.5837474484
confminu2m46,C4H8N6O2,1.690523798,120.07937776069966,7188.973829942768,22.061286409241013,3509.0902236332695,910.8583375952369,6.476201620123447,3196284.087570298
confminu2m48,C4H7N5O2,1.6695323519999998,114.05552694070902,7093.274854359866,21.309929767627448,3806.065171684952,855.3390082700595,6.567618240030697,3255476.0093602207
confminu2m49,C4H7N5O2,1.7136734539999998,119.41288992471624,7237.780612936902,22.551998559098518,3840.1601241134217,855.3390082700595,6.742779668032199,3284638.7521574027
confminu2m5,C4H10N8O2,1.581059244,116.87177843692396,6835.273124583011,19.107467249869202,2972.0145858438877,997.1579021301395,0.8891370967741933,2963567.8295202665
confminu2m53,C4H7N5O2,1.6580329600000001,113.86981836573936,7059.280123993202,21.014120556922634,3804.883298243102,855.3390082700595,5.439615364793099,3254465.106902568
confminu2m6,C4H8N8O4,1.794533706,134.62129849056222,7945.391890778464,27.952176870305664,4758.058771438526,771.8897066095469,4.526988372093023,3672696.5891166646
confminu2m60,C4H7N7O4,1.791083154,128.50701793714668,7950.918887740564,27.958747344424655,4953.868396475473,747.894658116352,4.430325581395349,3704971.710735425
confminu2m61,C4H9N7O2,1.6670808539999997,122.54850131239989,7122.1123862718705,21.463636239986588,3240.771065791983,957.4697494058029,6.5377753196698905,3102940.2602454266
confminu2m64,C4H6N6O4,1.7368663620000002,118.30244040941601,7786.969082158681,26.3215773695429,5158.532425156656,720.3347736070924,1.3036499999999993,3715870.2866200656
confminu2m65,C4H4N6O6,1.7829910119999999,115.00983660298692,8352.04343698323,30.766987579859578,5977.93673611784,675.5383928976099,1.5883333333333334,4038325.7755606296
confminu2m66,C4H6N6O4,1.682953852,110.62885412141954,7605.394018335438,24.621784433477718,5120.568475159628,720.3347736070924,2.44279756097561,3688523.533293725
confminu2m67,C4H9N7O2,1.6403034719999998,122.0869300674174,7042.493147353238,20.771749235015804,3238.30487990746,957.4697494058028,5.395589313111486,3100578.9618645837
confminu2m68,C4H8N6O2,1.636232732,117.62877836330841,7023.159673851997,20.625082535305584,3494.8545799806056,910.8583375952368,4.136581395348838,3183317.432858234
confminu2m69,C4H8N6O2,1.578030802,108.87267144197826,6828.156257122905,19.043767824671786,3443.989955575096,910.8583375952369,0.818717741935484,3136986.9656298254
confminu2m7,C4H7N7O4,1.772995962,127.4921760216912,7892.887384356191,27.38399109464049,4949.194782817106,747.894658116352,6.3011243786072555,3701476.3400462326
confminu2m70,C4H8N6O2,1.5543276680000002,106.00927268412383,6751.027978130865,18.43129174684272,3427.3563416128595,910.8583375952369,0.9318645161290325,3121836.099667982
confminu2m71,C4H6N6O4,1.728185448,118.05488296438536,7759.535021349927,26.056029007214697,5157.3076707704,720.3347736070924,2.716241463414633,3714988.0534465173
confminu2m73,C4H8N6O2,1.630473994,117.3878192683681,7005.644416739278,20.476055917290005,3493.4548376097837,910.8583375952368,5.521751052117452,3182042.4658492855
confminu2m75,C4H9N7O2,1.681696502,124.50754987871031,7170.616930924067,21.87688273353075,3251.238307791673,957.4697494058029,6.979872121632525,3112962.3278198396
confminu2m78,C4H7N5O2,1.5913943840000002,106.77718973615104,6845.020279178695,19.243721404271863,3759.7448903285162,855.3390082700595,3.719488372093023,3215856.4658420165
confminu2m81,C4H5N5O4,1.7027742460000002,107.49459462460696,7677.630002203566,25.275968757265485,5392.818272655921,688.3518889059909,1.3787999999999996,3712156.6445094463
confminu2m91,C4H2N8O10,1.865546324,127.52328248769876,8834.96161347623,35.36483630294296,6038.680463753539,660.6515091851049,0.7784645161290328,3989463.361865385
confminu2m93,C4H4N8O8,1.7984896080000001,121.00897680446374,8641.069619443682,33.10498684910926,6118.351885700308,690.1194070888405,0.8704854838709679,4222393.375720385
confminu2m94,C4H2N6O8,1.843285302,111.01987072827302,8840.041090246772,35.15715691266543,6607.204627803395,640.9912043797401,1.4947777777777773,4235160.051959091
confminu2m96,C4H4N8O8,1.776124676,119.36010556475972,8563.829346484335,32.27186249886189,6112.707450886927,690.1194070888407,1.0626666666666682,4218498.041713625
confminu2m97,C4H4N6O6,1.7532961459999998,107.82792107129096,8244.16561534614,29.673607995037727,5946.995028562267,675.5383928976099,1.79650731707317,4017423.4641650296
confminu2m98,C4H3N7O8,1.798794314,113.06783835756804,8664.011451690138,33.284384156682876,6338.901132212964,666.8862675992294,1.1399999999999975,4227326.116742033
confminu2m99,C4H5N7O6,1.75791194,118.41769329267561,8246.32581868917,29.73676209295787,5720.816199541828,702.4762287061894,1.029749999999999,4018737.388975418
confminu3m2,C3H4N6O2,1.668071052,101.38142880464335,6937.899483994272,20.375321650882267,3756.3715503748563,717.4756439439997,0.8573532258064518,2695105.09699812
confminu3m4,C3H5N5,1.449436132,83.45248085854509,4450.95112943506,7.641130388770189,751.1116214698496,1008.0527211573163,0,757160.1139155661
confminu3m5,C3H3N5O2,1.631376108,88.81413977297355,6787.960389419765,19.230151393022158,3905.396637841411,674.7551283870478,0.7618112903225809,2635186.409769026
confminu3m6,C3H4N4,1.4383972719999998,79.74568905679823,4367.056467062684,7.316805557978575,829.9005354194398,932.4527482691865,0,773843.0350419261
confminu3m7,C3N6O6,1.764922398,83.34460631207675,8305.418531615325,30.237546852044904,5853.000584947761,622.0243839112283,0.18773333333333334,3640709.0828841897
confminu3m9,C3H2N4O2,1.5823554420000001,72.4382836820533,6569.79127778767,17.661493493844993,4059.7087090323116,621.8590762632425,0.6420032258064514,2524566.707696674
confminu4m1,C4H4N8O4,1.72251028,120.7973806650728,7459.657570363832,24.032204798657965,4381.639471012531,687.340175874921,0.77361129032258,3011676.8446262493
confminu4m11,C4H3N7O4,1.7053042280000001,106.43522934011361,7386.8566174519265,23.419298195494893,4515.930890152419,656.9342791685391,0.7937854838709677,2966669.8040972184
confminu4m14,C4H5N7O2,1.6456045780000002,110.10200593698741,6594.7859532593,18.25220487395445,3244.154027023844,733.9120900003387,0.9970499999999994,2380923.8622560846
confminu4m15,C4H3N7O4,1.693317086,105.36303611653453,7349.024915569234,23.07834513018594,4510.899743778084,656.9342791685391,0.6326774193548381,2963364.671580403
confminu4m17,C4H5N7O2,1.6397091920000002,109.2669715327068,6576.373075125825,18.108921942669667,3239.5941918041926,733.9120900003388,0.9303419354838713,2377577.3440599735
confminu4m19,C4H4N6O2,1.614119268,97.89126081668857,6407.881039543438,17.02011398147299,3467.240680638214,666.2163361480182,0.8573532258064513,2309932.3827981516
confminu4m21,C4H4N6O2,1.600439154,94.99513023975514,6363.172047001457,16.691215156320563,3450.013452698798,666.2163361480182,0.8363225806451616,2298455.322118367
confminu4m24,C4H1N7O6,1.7411554459999998,98.15014716085935,7919.328181446222,27.26520019235323,5357.035333102939,621.9815179343764,0.42617741935483866,3331976.9681114536
confminu4m26,C4H2N6O4,1.6869312739999998,91.9255889479098,7300.560142161138,22.72119219570277,4669.834901891741,621.9191779682305,0.6202112903225808,2904259.883431864
confminu4m27,C4H2N6O4,1.681926032,91.65633620193921,7285.152638036626,22.58327426143007,4668.475701820278,621.9191779682305,0.5715838709677415,2903414.5708407257
confminu4m28,C4H3N5O2,1.574719836,82.59066686718667,6216.1629222271895,15.761315540878334,3558.365970402449,621.8201931143604,0.7751338709677418,2212663.8148872196
confminu4m4,C4H6N8O2,1.672646624,121.46425363177914,6739.111302677312,19.257679197454614,3055.6659798903383,791.3483020632996,1.423111111111111,2418096.0848588077
confminu4m5,C4H4N8O4,1.7228227219999999,120.83452135158474,7460.6622466594945,24.041370515526317,4381.802278961254,687.340175874921,0.7735161290322579,3011788.749070358
confminu4m7,C4H5N7O2,1.65677933,112.05770360667097,6630.749323470827,18.53136229912264,3254.8334182770636,733.9120900003387,1.0660000000000012,2388761.5966106663
confminu4m8,C4H3N7O4,1.70887189,108.93549937573304,7402.3065660506645,23.547920470329444,4527.663126700767,656.9342791685389,0.6714080645161287,2974377.1124571413